Let - Dj Gizmo,0.756,0.412
Next Go 'Round - Old Crow Medicine Show,0.468,0.346
Hiphappy - El Shaaki;Nitro MC;Donexprs;Flor De Rap;Lechero Mon;jimmy Fernadez;Gedos;Crea BeatBox;Sponer;Delaion,0.737,0.876
La Veleta - Oliver Koletzki,0.831,0.823
Saachitale (From Love Today) - Yuvan Shankar Raja,0.841,0.599
Lost Indian - Norman Blake;Tony Rice,0.438,0.45
En la Nada - Agora,0.48,0.983
童話 - Michael Wong,0.54,0.405
We'll Sweep Out the Ashes In the Morning - Carl & Pearl Butler,0.581,0.381
Immortal - Original Edit - Donkey Rollers,0.58,0.856
Wagner: Tristan und Isolde Act 3: Mild und leise wie er lächelt (Isolde's Liebestod) - Richard Wagner;Daniel Barenboim;Berliner Philharmoniker;Waltraud Meier,0.163,0.251
ハートのイアリング - Seiko Matsuda,0.802,0.799
İnce İnce Bir Kar Yağar - Selda Bağcan,0.407,0.715
Saco De Ouro - Chitãozinho & Xororó,0.731,0.418
Desecrator - Exhorder,0.332,0.992
One Two Buckle My Shoe - LooLoo Kids,0.798,0.827
Panela - BaianaSystem;As Ganhadeiras de Itapuã,0.666,0.761
Uyuşana Dek - Ceg,0.669,0.537
Rengarenk - Yüksek Sadakat,0.688,0.719
Never Giving In (Ichigo Rap) - Rustage;GoldenEMP,0.691,0.806
Stars - Marshmello,0.507,0.96
Stillborn - Black Label Society,0.585,0.881
King of New Orleans - Better Than Ezra,0.392,0.892
Ole Slew Foot - Jim and Jesse and the Virginia Boys,0.582,0.411
Ritalin (feat. Hidra) - Artz;Hidra,0.806,0.798
A Day In The Life Of A Day - Jeff Mills,0.609,0.649
Sonate II Opus 116 Pour Violoncelle Et Piano - 3ème Mouvement - Alireza Mashayekhi;Marie-Thérèse Grisenti;Marc Vitantonio;Duo Grisenti Vitantonio,0.444,0.121
Quiero Besarte - Grupo Galé,0.616,0.767
Escape - Da Tweekaz,0.454,0.942
Refém / Só Pro Meu Prazer / Fica Combinado (Ao Vivo) - Ícaro e Gilmar,0.445,0.469
Dile - Celso Piña,0.725,0.402
Be Myself - Charlie Brown Jr.,0.615,0.963
Sunrise - Simply Red,0.788,0.728
Dureau La Duree (Remastered 2014) - Traditional;Les Chanteurs de la Vierge,0.488,0.151
Drive - Theo Parrish,0.668,0.798
Liar (with OST) - Kayzo;OST,0.49,0.964
BLOODRAVE - DreamReaper;MAGNAVOLT,0.508,0.98
Vagabundo Também Ama - Oriente,0.768,0.799
Red Rose For Gregory - Gregory Isaacs,0.784,0.536
Restless - Cold War Kids,0.513,0.647
Satã Apareça! - Velho,0.0739,0.974
Black Rose - Original Mix - Source Direct,0.493,0.949
Moving in Stereo - The Cars,0.718,0.543
Diamante - Damares,0.463,0.601
Raah Mein Unse Mulaqat - Kumar Sanu;Alka Yagnik,0.403,0.633
It Must Have Been Love - From the Film Pretty Woman - Roxette,0.52,0.652
Kuch Kuch Hota Hai - Sad - Alka Yagnik,0.229,0.327
Allah Ke Bande - Kailash Kher,0.543,0.44
Rat Face - The Spits,0.367,0.973
Your House - Dub Version - Steel Pulse,0.724,0.487
Belong - Washed Out,0.533,0.955
Gravity - Boris Brejcha;Laura Korinth,0.783,0.616
Days - No Vacation,0.469,0.866
Sofia - Clairo,0.744,0.619
Was Spaß macht ist verboten - Rolf Zuckowski,0.611,0.756
Tetra 94 - Part 1 - Ishome,0.761,0.686
Mặt Mộc - Phạm Nguyên Ngọc;VAnh;Ân Nhi;BMZ,0.599,0.727
Alla Etelän Taivaan - Jaska Mäkynen,0.558,0.552
The Chant (feat. Savage) - Dimatik;Restricted;Savage,0.655,0.977
The Carpathian - The Acacia Strain,0.511,0.986
Without You (Feat. ROSE) - G-DRAGON;ROSÉ,0.6,0.678
Meu Cenario - Circulando De Fulo,0.645,0.698
I Belong To You - Love Unlimited,0.588,0.405
U Cant Hurt Me - Girl Pusher,0.554,0.784
Thirst for Life - Yanni,0.623,0.723
Toxic - Glee Cast,0.606,0.74
Não Me Desprendi - Matheus & Kauan,0.581,0.836
I Don't Want to Be Here Anymore - Lower Than Atlantis,0.286,0.35
Rat Race - Future Funk Squad feat. Mojo;Future Funk Squad;Mojo,0.649,0.921
Fatal Fall - Flaw,0.514,0.879
Kadonneet kolme sanaa - Stam1na,0.452,0.817
Doyin - Mr Eazi;Simi,0.683,0.688
Anchor - Rob Scallon,0.272,0.358
オーダーメイドとレディーメイド - Wasuta,0.68,0.907
Ao Clarear - Dieter Huber,0.514,0.162
Say No Mo - kizaru,0.857,0.552
The Gladiator Waltz - From Gladiator Soundtrack - Hans Zimmer;Lisa Gerrard;Gavin Greenaway;The Lyndhurst Orchestra,0.339,0.429
Rimas Perfectas - Los Caligaris,0.568,0.829
Half Smile - Sex Prisoner,0.199,0.961
The Enchanted Path - Bernward Koch,0.255,0.127
Looking C$nt - Ralphi Rosario;Aneeta Beat,0.835,0.951
No Stopping Us - Jason Mraz,0.646,0.836
夜間飛行少年 - Qujila Yoluno Machi,0.423,0.96
Flor De Lis - Ao Vivo - Emílio Santiago;Alcione,0.562,0.843
Evare - Vijay Yesudas,0.462,0.456
OBOK TY - Lanek,0.6,0.461
Behemoth VIP - SVDDEN DEATH,0.849,0.878
Tow - The Devil Makes Three,0.399,0.431
Reggae Music Part. 2 - Cidade Verde Sounds;Adonai;Helio Bentes;Horace Andy;Dada Yute,0.703,0.7
Therapara - Parimal Shais;MC Couper,0.714,0.61
Kekw - Yung Buda;Ok Goos,0.773,0.932
Entonces Que Somos - Aguanile,0.749,0.659
Spaced Out - Derrick May,0.778,0.932
Elisabeth - Jonas Lundqvist,0.559,0.488
Call Out My Name - The Weeknd,0.461,0.593
Dynamite Love (Krafty Kuts vs. Freestylers) - Krafty Kuts;Freestylers,0.649,0.93
Se Dice De Mi - Tita Merello;Francisco Canaro Y Su Orquesta Tipica,0.594,0.475
Avaz Avaz - Lil Zey,0.701,0.474
Last Melody - Anthony Keyrouz;Glaceo,0.671,0.826
Long Nights - Eddie Vedder,0.478,0.305
Dead! - My Chemical Romance,0.481,0.973
Poor Unfortunate Souls - China Anne McClain;Disney,0.593,0.672
Glaube an den Herrn Jesus Christus - Ivan Rebroff,0.222,0.277
Party Dress - Michael Cerveris;Sydney Lucas;Emily Skeggs;Beth Malone,0.604,0.161
Khnoro Aamar Fossil - Fossils,0.403,0.77
Pra Te Ver - MC Hariel,0.734,0.544
A Form of Protest - Cane Hill,0.395,0.933
Zindagi Do Pal Ki - KK,0.678,0.771
Cyanide Sweet Tooth Suicide - Live from Washington State - Shinedown,0.439,0.998
Cuarenta Ruedas - Grupo Niche,0.778,0.764
Never Been To Paris - Two Year Vacation,0.817,0.701
2018 - The Spits,0.438,0.735
Mathematics - Mos Def,0.753,0.749
Firestarter - Andy C Remix - The Prodigy;Andy C,0.436,0.977
Arikil - Najim Arshad;Sangeetha Sreekanth,0.582,0.556
Saturday - Go Betty Go,0.367,0.941
Pela vida inteira - Ao vivo - Jeito Moleque,0.502,0.658
Someday At Christmas - Stevie Wonder,0.325,0.536
Ghost Shaped People - Lamb of God,0.235,0.988
El camino del exceso - Remix; 2000 Remastered Version - Heroes Del Silencio;Phil Manzanera,0.507,0.975
The Master - VIP - Spag Heddy,0.495,0.868
RepeatInfinite - surrenderdorothy,0.6,0.245
Phagooner Mohonaye - Bhoomi,0.663,0.784
La Prietita Que Yo Quiero - Joan Sebastian,0.806,0.366
That's What I Like - Bruno Mars,0.853,0.56
Conscious - Ann Clue,0.8,0.733
Jingle Bells - Brian Culbertson,0.664,0.744
Waltzing Matilda - Will Moore,0.625,0.285
Wishing - Dan Gibson's Solitudes,0.406,0.225
Art of Scratch (Intro) - Artifacts,0.846,0.819
get u the moon - poofi.,0.75,0.158
I Roffes Barndom - Roffe Ruff,0.471,0.559
Forever - Chris Tomlin,0.554,0.705
Winter Wonderland - Dean Martin,0.446,0.245
The Plankton Organization - Drexciya,0.771,0.838
Sniffin' & Snatchin' - The Soul Snatchers,0.785,0.862
Mission: Accomplished - Lorne Balfe,0.483,0.402
When I Fell for You - David Hazeltine,0.471,0.283
Come on In - The Bridge City Sinners,0.544,0.911
Kioque - Akira Kosemura,0.448,0.107
Papo de surdo e mudo - O Rappa,0.661,0.899
Hi-Five - Superfly,0.544,0.864
REBOUND! - JPEGMAFIA,0.783,0.874
Hikaru Nara but is it okay if it's lofi? - Kijugo,0.73,0.408
Against the Grain - Mind Vortex,0.413,0.947
Comfort Zone - Debbies,0.558,0.782
Golden (feat. Blondfire) - Sander van Doorn;Blondfire,0.605,0.772
Commence - Original Mix - Scott Brown;Plus System,0.508,0.967
The Ballad of Bodmin Pill - New Model Army,0.498,0.767
Friday Night - DJ Zinc;Amber Jolene,0.689,0.854
Hello - Consoul Trainin;Zaheera,0.656,0.879
Meeresrauschen für Wellness - Meeresrauschen,0.169,0.999
Esquemas Juveniles - Javiera Mena,0.533,0.461
360 - Marc Seguí,0.806,0.602
Loopholes - Biba Dupont,0.316,0.168
What To Do - Guy Gerber,0.718,0.693
Strange (feat. Hillary Smith) - Kris Bowers;Hillary Smith,0.251,0.15
Enjoy the Ride - Krewella,0.556,0.873
The Feeling - Massano,0.755,0.603
Dekho Manashi - Fossils,0.389,0.428
December - Collective Soul,0.683,0.645
Crime Violence & Power - Delete;Luminite,0.619,0.994
Do-Re-Mi - Julie Andrews;Nicholas Hammond;Debbie Turner;Duane Chase;Heather Menzies;Angela Cartwright;Kym Karath;Charmian Carr,0.512,0.216
J'attends un miracle - Swift Guad,0.55,0.522
heartbroken - CORBAL;itssvd;Shiloh Dynasty,0.671,0.168
Jul i svingen - Sissel;Odd Nordstoga,0.352,0.477
Aku Gila - Slank,0.655,0.749
Love Yuh - Tommy Lee Sparta,0.638,0.52
Loneliness (from Naruto Shippuden) - Piano Lullaby - Anime Piano Dreamers,0.379,0.0138
Et Helt Nyt Liv - Søren Launbjerg;Louise Norby,0.297,0.25
Fascinaçao - Elis Regina,0.301,0.17
Forever Young - The Baseballs,0.455,0.805
San Juanero - Nelson Y Sus Estrellas,0.873,0.644
The Hamster Dance - DJ Krazy,0.825,0.828
Who Am I - Casting Crowns,0.545,0.472
No Te Creo - Manolo Muñoz,0.415,0.549
Disarm You - LOCKBOX;Dani King,0.33,0.706
Summertime - SWAY,0.734,0.76
Flutuar - Acústico - ALMAR,0.868,0.43
Lo Estamos Pasando Muy Bien - Los Prisioneros,0.625,0.795
Que Sorte A Nossa - Na Praia / Ao Vivo - Matheus & Kauan,0.38,0.724
Bagger Woman - Nikolay Kopylov,0.394,0.209
Gordinho Saliente - Ao Vivo - Henrique & Juliano,0.702,0.952
Heartless - Lofi Flip - Silent Ocean;Badshah;Aastha Gill,0.493,0.334
Naduvan - Dr. Burn,0.792,0.637
Red Cold River - Breaking Benjamin,0.376,0.967
Nandalaala - Swetha,0.667,0.526
Blackout - Roffe Ruff,0.673,0.484
If It Means A Lot To You - A Day To Remember,0.584,0.536
Best Friends - Live - Hillsong Young & Free,0.502,0.772
White On White Crime - Agoraphobic Nosebleed,0.252,0.908
LOVE ME HATE ME - Kayzo;DE'WAYNE;CRAY,0.408,0.993
GAME - Perfume,0.494,0.946
Ai Que Saudade Da Amélia - Nelson Gonçalves,0.665,0.662
Christmas Without You - Sheppard,0.517,0.579
Háblame de Ti - Paté de Fuá,0.724,0.351
Downloading Childhood - Billy Gardell,0.504,0.911
Bastard Angel - THOUSAND EYES,0.435,0.996
Kaprislisin Sevgilim - Mirkelam,0.737,0.905
Perfume de Gardênia - Nelson Ned,0.576,0.368
Anjuna - Liquid Soul;Zyce;Solar Kid,0.775,0.902
Bone Jodi Phutlo Kusum - Anupam Roy,0.276,0.334
Summer of Farewells - From Up On Poppy Hill (Vocals by Aoi Teshima) - Satoshi Takebe,0.485,0.33
Bang - Franco Wildlife;Bobby 6ix,0.631,0.716
Let My Love Open The Door - Pete Townshend,0.651,0.653
ダンシングタンク♡ (Live at 日本武道館 2022.5.15) - Momoiro Clover Z,0.411,0.969
Looking For Something - CASTLEBEAT,0.476,0.838
Pimeä - Moonsorrow,0.174,0.95
C.M.E. - Bölzer,0.164,0.949
By the Long Road - Nikolay Erdenko;Djang,0.348,0.532
When I R.I.P. - Labrinth,0.417,0.551
Day N’ Nite - Dantiez;Andre Salmon;Kwedjatey,0.794,0.853
Negative Creep - Nirvana,0.37,0.947
La Forza Della Vita - Renato Russo,0.391,0.625
God's Guest - ArtSaves,0.206,0.336
Cold - Static-X,0.457,0.962
Running Bear - George Jones,0.59,0.594
Thinking of You - The Colourfield,0.696,0.813
Like A Boss - NOES,0.605,0.916
First Baptist Bar And Grill - Tim Wilson,0.776,0.688
Ido - Timothy Infinite,0.799,0.614
Jangan Jadi Pecundang - Tipe-X,0.87,0.893
Adios Pampa mia - Aníbal Troilo;Floreal Ruiz,0.423,0.547
Flyktsoda - Steget,0.516,0.271
I Could Be Yours - Zooey Wonder,0.718,0.52
Amores de barra - Ella Baila Sola,0.604,0.827
Brand New Numb - Motionless In White,0.566,0.886
Bertus - Lawineboys;Pater Moeskroen,0.697,0.979
Lateralus - TOOL,0.387,0.677
Family Affair (Dance for Me) - David Guetta,0.869,0.726
Andante in C Major K. 1a - Wolfgang Amadeus Mozart;Ingrid Haebler,0.467,0.0301
青春ゾンビィィズ - Shiritsu Ebisu Chugaku,0.594,0.937
Descanso - Oficina G3,0.467,0.771
Давно давно я с Вами не был вместе - Vadim Kozin,0.518,0.0331
Microbots - Neonlight,0.615,0.955
Como Siempre Soñé - Javiera Mena,0.676,0.803
Buddhu Sa Mann - Amaal Mallik;Armaan Malik,0.644,0.87
Kingdoms of Ice - Hans Zimmer;Adam Lukas;James Everingham;AURORA,0.0967,0.198
Imagine Me & You (feat. FAST BOY) - Yves V;FAST BOY,0.785,0.723
ENDLESS RAIN - Remaster - X JAPAN,0.498,0.66
Ek Tukda Dhoop (From Thappad) - Raghav Chaitanya;Anurag Saikia,0.522,0.421
My Generation - Stereo Version - The Who,0.412,0.782
Bright Lights - Kisch,0.614,0.861
No Meio Dos Louvores - Israel Salazar,0.444,0.951
Invasion Main Title - From Invasion - Max Richter,0.324,0.437
Missão Impossível - Ao Vivo - Suel;Sorriso Maroto,0.703,0.733
Peter Gunn - The Cramps,0.436,0.821
Trasegando - Marea,0.479,0.976
De Dijle - Hulder,0.225,0.25
Candy Store - Jessica Keenan Wynn;Alice Lee;Elle McLemore,0.728,0.525
Too Far - Freestylers,0.516,0.857
Tubarão - BaianaSystem,0.738,0.925
The Super Mario Maker 2 Song - Poop Emoji,0.91,0.53
It's Been Too Long - The Whispers,0.61,0.493
Group Therapy (Messages Pt. 6) [ABGT499D3] - Above & Beyond,0.538,0.742
Pytanie na śniadanie - Germaine Franco,0.499,0.108
牆外 - Namewee;小花,0.73,0.48
I See You Everywhere - Eric Chou,0.542,0.519
Scratching the Surface - Siavash Amini;Hessam Ohadi;Nima Pourkarimi,0.318,0.792
Falling into You - Steven Pasquale;Kelli O'Hara,0.194,0.297
United Souls - Section 1;Rave Channel,0.416,0.849
Bulleya (From Ae Dil Hai Mushkil) - Reprise - Pritam;Arijit Singh;Shilpa Rao,0.533,0.787
Bulletproof - Godsmack,0.362,0.915
Sigo buscando - Alex Ubago,0.587,0.636
Vengeance!!! - Stupeflip,0.491,0.866
Saiyaara - Sohail Sen;Mohit Chauhan;Taraannum Mallik;Kausar Munir,0.659,0.665
Dear Rose I'm Haunted - Drawn To The Sky,0.507,0.566
Teenline - The Shivvers,0.4,0.914
Camina la Vida - Extended - Shaila Dúrcal;Alex Sirvent,0.529,0.614
Girls on Film - Duran Duran,0.708,0.855
Burning Bright - Acoustic; Live from Kansas City - Shinedown,0.508,0.662
Believer - Fairlane,0.69,0.875
Someone You Loved - Will Moore,0.582,0.518
Sketches - Ever So Blue,0.353,0.0944
Dancing - James Hype,0.74,0.877
Canción del alma - Los Tecolines,0.651,0.365
Holy Spirit - Bryan & Katie Torwalt,0.384,0.493
Welcome To My World - Daniel Pemberton,0.67,0.276
God Only Knows (R3HAB Remix) - for KING & COUNTRY;R3HAB,0.542,0.695
Aloha - Carlos Sadness;Bomba Estéreo,0.801,0.901
Lovely Lonely Summer Day - Toini & The Tomcats,0.604,0.845
Svartmesse - Kvelertak,0.421,0.876
El Surf - PIÑA PINK,0.677,0.135
Taare - Shamoon Ismail,0.674,0.46
51st State - 2005 Remaster - New Model Army,0.493,0.758
BazeFaze - SPLT SCND INTERLUDE RMX 7 - DJ Ruffneck;SPLT SCND,0.381,0.994
I Apologize - Five Finger Death Punch,0.505,0.929
Donny X - Faithless,0.496,0.819
Till The End - Elephant Man,0.695,0.967
Gak Kayak Mantanmu - Ello,0.579,0.608
Rice Balls - Pink Guy,0.717,0.587
All The Things She Said - Ilkay Sencan;Faruk Sabanci,0.791,0.89
The Switch - Dione,0.49,0.993
Take Your Time - ARTY,0.583,0.94
Rex Incognito (Zhongli Theme) - Epic Version - Samuel Kim,0.456,0.859
Chaar Botal Vodka (From Ragini Mms 2) - Yo Yo Honey Singh,0.877,0.881
70s 80s - Nightmares On Wax,0.764,0.521
Turn To Stone - Ingrid Michaelson,0.354,0.175
It's Gonna Be Alright - Be Smoove Dub - Jovonn,0.858,0.644
Still Life - Logistics;Holly Drummond,0.517,0.699
Rescued - Norman Dück,0.654,0.034
Dri:merz Path / Way - Crows in the Rain,0.3,0.338
Estoy Harto De Verte Con Otros - Remasterizado 2008 - Los Fabulosos Cadillacs,0.464,0.905
Fake Chanel - Yellow Claw;A$AP Ferg;Creek Boyz,0.307,0.828
I Belong To You - Lenny Kravitz,0.691,0.686
Into the Deep Blue - Yanni,0.531,0.918
Western Movies - The Olympics,0.668,0.457
Cry Thunder - DragonForce,0.167,0.963
Talibhan - Skeng;Stalk Ashley,0.753,0.554
Can’t Hide Red - Florida Georgia Line;Jason Aldean,0.514,0.864
Si Estuvieras Aquí - Los Amigos Invisibles,0.693,0.569
Bubbles - Yosi Horikawa,0.855,0.66
Fin blick för spelet - Wilmer X,0.344,0.913
I Wish I Was - The Avett Brothers,0.491,0.299
You Caused It All By Telling Lies - Hank Williams,0.461,0.327
Summer Breeze - Ensidya;Fractite,0.704,0.449
7 Variations on Willem van Nassau in D K.25: 1. Theme: Allegro - Wolfgang Amadeus Mozart;Danielle Laval,0.532,0.0549
All or Nothing - Sylar,0.461,0.955
Why - Bazzi,0.676,0.67
Save the Last Dance for Me - Michael Bublé,0.745,0.45
Close up Rain on Window - Rain Sounds Collection,0.308,0.911
No Tengo Dinero - En Vivo - Josimar y Su Yambú,0.683,0.708
Coventry Carol - Jim Brickman,0.302,0.039
Huggin' & A Luvin' - Mike Dunn Luvz Huggin' U ReMixX - Gershon Jackson;Mike Dunn,0.842,0.742
Biba Sada Dil Morr De - Nusrat Fateh Ali Khan,0.47,0.526
Sonata for Piano and Violin in A K.305: 2e. Variation 4 - Wolfgang Amadeus Mozart;Arthur Grumiaux;Walter Klien,0.398,0.113
Abando - The Grogans,0.705,0.448
Yesterday - Remastered 2009 - The Beatles,0.332,0.179
Sem Perceber - Ao Vivo - Vitinho;Pixote,0.505,0.75
Bu Havalarda Dönme Bana - Live 2019 - Flört,0.533,0.649
Quiero Volver - TINI;Sebastian Yatra,0.672,0.83
Viral - Amaranthe,0.563,0.968
This Is War - Thirty Seconds To Mars,0.402,0.723
Tropa Do Cabelo Azul - MC Rick;Dj Wesley Gonzaga,0.909,0.416
The End of Love - Dead Infection,0.206,0.902
Agua - Miranda!,0.655,0.882
None of Your Love - Bonus - Lil Tjay,0.702,0.722
Intro: Serendipity - BTS,0.477,0.581
An Operatic Tragedy - Mindi Dickstein;Jason Howland;'Little Women' Original Broadway Cast,0.521,0.425
You’re Where You Belong / Give ‘Em Hell - Harold Faltermeyer;Lady Gaga;Hans Zimmer;Lorne Balfe,0.157,0.0927
Sugar (feat. Francesco Yates) - Billions Club Remix - Robin Schulz;Francesco Yates,0.553,0.963
Khaf Malakanda - K. G. Markose,0.835,0.661
BIRTHDAY - JEON SOMI,0.678,0.827
Ghost - Katy Perry,0.55,0.624
Malen'kie aktrisy - Alexander Vertinsky,0.574,0.147
Starstruck - Years & Years,0.555,0.879
008 B1 - ONYVAA,0.675,0.762
Reinventar / Pra Ver o Sol Brilhar - Ao Vivo - Belo,0.458,0.742
Früher war mehr Oi! - Broilers,0.648,0.909
Living For The Moment - 2020 Remix - Ran-D,0.323,0.791
Babalon A.D. (So Glad for the Madness) - Cradle Of Filth,0.408,0.981
Catch The Wave - Wibke Komi,0.903,0.249
Makoti - Hugh Masekela,0.469,0.824
7 Variations on Willem van Nassau in D K.25: 8. Variation VII - Wolfgang Amadeus Mozart;Danielle Laval,0.342,0.175
We Were Riding High - Alternative Version - Timo Maas;Eric Volta;Basti Grub,0.806,0.786
Skidamarink - Smart Books,0.86,0.479
Cocaine - Ferocious,0.745,0.654
ピンクのスクーター - Seiko Matsuda,0.704,0.438
Kids In the Store - George Lopez,0.435,0.726
Virtual Gaming - Gammer Remix - Gammer;Naeleck;Hige Driver,0.496,0.98
Señales - De La Tierra,0.455,0.942
Sapana - Sahalé,0.823,0.521
Hooka - Don Omar;Plan B,0.733,0.859
blue - sammy rash,0.78,0.438
Rock the Bop - Carolina & Her Rhythm Rockets,0.637,0.761
Lily Malone - Riff,0.512,0.848
$tars and I feel alone - Vluestar,0.567,0.214
ANIMA - ReoNa,0.455,0.918
Toprock Level 1 - Christopher Zondaflex Tyler,0.721,0.893
Sugar Babe - Mance Lipscomb,0.554,0.4
Eistee Zitrone (feat. Monk) - Ion Miles;BHZ;Monk,0.842,0.49
Aafat (From Liger) - Tanishk Bagchi;Rashmi Virag;Zahrah S Khan,0.834,0.805
The Monks of Lindisfarne - Achillea,0.698,0.46
Casual Sex - My Darkest Days,0.671,0.922
Je vous ai trouvé - Verney Pépin,0.483,0.116
Aas Paas - aswekeepsearching,0.337,0.48
Chance - Franky Style;C.R.O,0.851,0.61
Bad News - Absolute Valentine,0.599,0.856
Me Voy Pa’ Porce - La Misa Negra,0.605,0.732
Y'a trop - Zkr,0.95,0.616
On The Ground - ROSÉ,0.311,0.607
Las cosas pequeñitas - Nolasco,0.805,0.719
Não Há Barreiras - Ao Vivo - Eli Soares;Álvaro Tito,0.565,0.526
Crói Cróga - Remastered in 2004 - Clannad,0.567,0.424
Rape of God - EXNUN,0.392,0.932
Teh-Hell-Ran - Confess,0.525,0.98
Living Hope - Live - Bethel Music;Brian Johnson;Jenn Johnson,0.386,0.67
Sleepwalker - Kraff Gad,0.79,0.693
Rise - Skillet,0.57,0.921
Rádio Blá (Blá Blá Bla´...Eu Te Amo) [Deluxe Version] - Lobão,0.313,0.958
both of us - yaeow,0.72,0.352
Hardcore To Da Bone - Masters of Ceremony,0.707,0.961
Main Theme - Katsu Hoshi,0.295,0.0622
Rosedown - For Revenge,0.445,0.153
No mesmo olhar - La vie dansante - Chrystian & Ralf,0.608,0.638
Toumast Tincha - Tinariwen,0.3,0.66
ソーユートコあるよね? - SKE48,0.436,0.9
Never Ending - Lvne;EE,0.684,0.52
Kiss and Make Up - BLACKPINK ARENA TOUR 2018 SPECIAL FINAL IN KYOCERA DOME OSAKA - BLACKPINK,0.65,0.697
Dissolve - Absofacto,0.688,0.582
My Fallen Friends (Slaughtered & Sliced Remix) - DJ Red;Lester Roy;Chloe Lee,0.666,0.418
Man of Sorrows - Hillsong Worship,0.375,0.539
She Hung The Moon - George Jones,0.488,0.305
Não Foi a Toa / Imaginação - Ao Vivo - Belo,0.474,0.753
Vai Que Bebereis - Ao Vivo - Henrique & Juliano,0.744,0.706
Want to Want Me - Jason Derulo,0.772,0.643
Spider - Said The Sky;Boy In Space,0.55,0.619
Halloween - AFI,0.286,0.929
Technotifiziert - Tim Wittig,0.844,0.589
One Last Time - Deetox;Crystal Mad,0.389,0.88
Can You Feel My Heart - Remix - Bring Me The Horizon;Jeris Johnson,0.576,0.88
Roches blanches - Mizmo,0.735,0.483
Anybody - Burna Boy,0.863,0.882
Chateau - Angus & Julia Stone,0.656,0.592
Welcome To The Jungle - Guns N' Roses,0.447,0.954
Over Nine Waves - SuidAkrA,0.261,0.954
Karate - R3HAB;KSHMR,0.626,0.961
On the Telephone - Barrington Levy,0.817,0.438
Dicht im Flieger - Julian Sommer,0.607,0.958
Nuevo Orden Mundial - Malon,0.494,0.982
Big Fun - Full Intention Extended Remix - Kevin Saunderson;Inner City;Full Intention,0.809,0.583
Hello Mary Lou - Creedence Clearwater Revival,0.633,0.674
Caustique - Into The Pale Abyss,0.506,0.792
Mein Herz brennt - Rammstein,0.501,0.76
Evening Silence - Three Four Trio,0.432,0.137
N.P.T - Kraff Gad;9Mill,0.752,0.664
Recomeço - Thays Calzavara,0.176,0.533
Nabia - Be Svendsen,0.879,0.778
Contraband (feat. Courtney LaPlante) - Make Them Suffer;Courtney LaPlante,0.475,0.959
Quand je marche - Ben Mazué,0.511,0.593
Mkultra - Toxic Holocaust,0.214,0.982
M'en voulez pas - Sasso;L'Allemand,0.789,0.831
Illuminati - Madonna,0.793,0.617
Enfant de la patrie - Kyo,0.586,0.851
Libro de Amor - Bobby Valentin,0.714,0.528
What Am I Doing There - George Jones,0.655,0.256
Sister Rosetta Goes Before Us - The Broken Circle Breakdown Bluegrass Band,0.55,0.218
U Used To Hold Me - Ralphi Rosario,0.714,0.799
Man on the Moon - Miguel Campbell Remix - Klangkuenstler;Alice Phoebe Lou,0.901,0.3
Antes De Dizer Adeus / Farol De Estrelas - Live From Brazil / 2001 - Belo,0.323,0.629
Corazón Embustero - Josimar y Su Yambú,0.44,0.803
I Want To Break Free - Queen,0.807,0.414
Axegrinder - Hoodoo Gurus,0.466,0.849
End It - End It,0.208,0.917
Don't You Worry Child - Swedish House Mafia;John Martin,0.632,0.88
The Approaching Night - Philip Wesley,0.429,0.0997
Living the Wasted Life - Aesthetic Perfection,0.516,0.941
Resurrection Day - Rend Collective,0.495,0.911
Anointed - Bugle,0.528,0.569
Your New Aesthetic - Jimmy Eat World,0.573,0.851
Ghetto Minimal - Synapson,0.908,0.635
Till I Found You - Phil Wickham,0.368,0.681
Holdin' Her - Chris Janson,0.353,0.574
BembaDub - BaianaSystem,0.353,0.721
Moscato Pizza y Fainá - Memphis La Blusera,0.762,0.474
THATS WHAT I WANT (Acoustic) - Adam Christopher,0.759,0.275
Who Shot Ya? - 2007 Remaster - The Notorious B.I.G.,0.824,0.73
Hijos del Coraje - Cyclo,0.759,0.392
Syndrome - Deathstars,0.575,0.742
Tired - beabadoobee,0.63,0.418
Switching Sides - Rarin,0.606,0.72
In This Corner - Billy Porter;Tory Ross;Daniel Stewart Sherman;Jennifer Perry;Kinky Boots Ensemble,0.689,0.726
October Birds - Flower Face,0.6,0.211
紅豆 - Faye Wong,0.554,0.408
The Right Left Hand - George Jones,0.692,0.291
Toh Phir Aao - Mustafa Zahid,0.459,0.563
Call Me - Beat Oven,0.649,0.317
Lalitha Sahasranama Sthothram - Priya Sisters,0.54,0.438
This Christmas - Hunter Hayes,0.438,0.649
Sultan - Vishal-Shekhar;Sukhwinder Singh;Shadab Faridi;Irshad Kamil,0.669,0.866
Fortunes - The Lil Smokies,0.313,0.663
Kyouran Hey Kids but is it okay if it's lofi? - Kijugo,0.803,0.58
You're Still The One - Acoustic - Bailey Rushlow,0.605,0.168
Bachalo - Akhil,0.756,0.538
Office Air Conditioners - Sleep Baby Sleep;Meditation Awareness;Sleep Sound Library;Outside Broadcast Recordings;Deep Sleep,0.182,0.202
Flight of the Comet - Larry Heard,0.764,0.553
Oumuamua - Armin van Buuren,0.329,0.873
Turn off the Lights - Cages Remix - Chris Lake;Alexis Roberts;Cages,0.653,0.839
Sinal Vital - Ao Vivo - Sorriso Maroto,0.581,0.707
Walk Through This World With Me - George Jones,0.435,0.295
One of These Days - George Jones,0.645,0.294
No Drama (feat. Craig David) - James Hype;Craig David,0.73,0.934
Among Us - Simon Wester,0.113,0.146
Nós Somos o Veneno - Facada,0.207,0.94
Pookkal Pookkum - G. V. Prakash;Roop Kumar Rathod;Harini;Andrea Jeremiah,0.589,0.424
Soul Shoes - Graham Parker & The Rumour,0.611,0.636
The Wheels on the Bus - The Little Sunshine Kids,0.931,0.413
Roots Natty - The Gladiators,0.745,0.673
Still Together - Radio Mix - Zeni N;Erdit Mertiri,0.675,0.788
Night Time Clatter - White Noise for Babies,0.176,0.75
Nichts ist schwer - Jubiläumscast Wien 2012,0.349,0.358
Pleasant Island Ease - Dan Gibson's Solitudes,0.215,0.0821
En God Vän - General Knas,0.484,0.739
Pikku syntinen - Esko Rahkonen,0.383,0.271
Écoute Chérie - Vendredi sur Mer,0.607,0.647
El Verdugo - Plan 4,0.356,0.945
The Beat - Mike Williams,0.563,0.954
Anniversary - Novo Amor,0.333,0.315
Polyglot Blues - Kangding Ray,0.535,0.776
Me Myself and Miami (feat. Kairos Grove) - Feder;Kairos Grove,0.733,0.792
Comencemos (Let's Start) - Jungle Fire,0.666,0.903
If Am Was Fm - Aux 88,0.796,0.912
Handz Sky Up (feat. Sporty-O) - Original Mix - Baymont Bross;Sporty-O,0.772,0.902
Spoonful - Howlin' Wolf,0.821,0.376
Dukes of Hazzard - Upchurch,0.759,0.644
Feel Again feat. Harley Bird - Culture Code;Harley Bird,0.728,0.588
Joder - En Vivo - Carajo,0.476,0.988
Iluminado - Vander Lee,0.466,0.613
Помню помню я - Nikolai Erdenko;Ансамбль Джанг,0.745,0.333
Cocaine - Eric Clapton,0.699,0.502
The Sound of Silence - Simon & Garfunkel,0.535,0.225
Recession-Busters - Gary Gulman,0.551,0.927
Vill Inte Längre - Roffe Ruff,0.541,0.79
Saucy Sailor - The Wailin' Jennys,0.685,0.245
We Fuck with Minorities - Ralphie May,0.408,0.749
Quinta-Feira - Ao Vivo - Chegou Quem Faltava - Charlie Brown Jr.,0.394,0.912
Nothing On Us - The Him,0.605,0.733
The Day I Tried To Live - Soundgarden,0.472,0.752
Waalian (Lo-Fi) - Sanjay S Yadav,0.513,0.419
Pra Sempre Ou Pra Acabar - Ao Vivo - Mumuzinho,0.588,0.804
Ninguém Te Ama Como Eu - Cristina Máximo,0.485,0.177
Fire & Hail - The .357 STring Band,0.549,0.756
Dumbledore's Farewell - Nicholas Hooper,0.237,0.062
Summer Love - Rudimental;Rita Ora,0.56,0.724
Eu Sou Teu (Rooftops) - Ao Vivo - Gabriela Rocha,0.528,0.774
EVOLVE - The Warning,0.448,0.93
See You In Hell - 6EJOU,0.593,0.957
Gå mot rött - RMK & Toppen,0.731,0.779
When We Are Together - The 1975,0.618,0.449
Frustums - Ochre,0.611,0.436
Metropolutan - Navicula,0.323,0.718
Pique Neymar - MC Meno K;Ricky Ribeiro;DJ Kelwin Lopes,0.712,0.544
Live By The Hook - Original Broadway Cast Recording - Kelsey Grammer,0.533,0.486
Hela huset (Live) - Håkan Hellström;Veronica Maggio,0.393,0.883
Cachoeira - Africania,0.698,0.707
Celestial Violence - Ihsahn,0.435,0.498
Faint - Linkin Park,0.554,0.978
Recomposed By Max Richter: Vivaldi The Four Seasons: Winter 3 - 2012 - Max Richter;Daniel Hope;Konzerthaus Kammerorchester Berlin;Andre de Ridder,0.469,0.259
Valborg - Uno Svenningsson,0.529,0.652
Doctor Online - Zeromancer,0.468,0.86
I'll Be There For You (From Friends) - Collabro,0.144,0.127
致姗姗来迟的你 - A Si;Yoga Lin,0.697,0.628
Sweet to Me - Summer Salt,0.563,0.51
Surpresa - Ao Vivo - Grupo Clareou;Tiee,0.584,0.742
One Call Away - Charlie Puth,0.667,0.613
Odawa - Omar S,0.886,0.534
Autumn - Paolo Nutini,0.599,0.0854
Get On Uppa - Waldeck;la Heidi,0.856,0.69
Tel Aviv - Youri,0.655,0.607
Abeg - DJ Neptune;Joeboy;Omah Lay,0.632,0.516
The Way Back - Solomun,0.855,0.425
Scootaloo - Jobii,0.731,0.424
Dinosaur Song - Blippi,0.686,0.457
The Best Freestylers in the World - Aunty Donna;Montaigne;Boilermakers,0.885,0.696
I Want You To Know - Zedd;Selena Gomez,0.58,0.846
Noches sin dormir - Natos y Waor,0.83,0.694
¿Dónde Están Corazón? - Coti;Enrique Iglesias,0.66,0.506
Don't Shy From The Light - Neulore,0.285,0.305
Moving On - Porsche Love,0.604,0.485
Loretta - Aoife O'Donovan;Taylor Ashton,0.536,0.419
Firefly - When Chai Met Toast,0.533,0.828
1 De Novembro - Moonspell,0.452,0.977
Party Girl - Busy Signal,0.832,0.717
Parla piu piano (Thème du Parrain) - Roberto Alagna;Yvan Cassar;Paris Symphony Orchestra,0.334,0.433
Bathroom Dance - Hildur Guðnadóttir,0.167,0.0721
És o Maior - Ao Vivo - Jéssica Augusto,0.306,0.621
Perfect in a Way - Ben Böhmer Remix - Booka Shade;Kaktus Einarsson;Ben Böhmer,0.711,0.758
Project 5 - Untitled B1 - K-Hand,0.802,0.806
Mallorca Kinder - Tobee,0.577,0.997
Who's There - Peter Sandberg,0.554,0.0782
Dance Wit U - CIRRRCLE,0.763,0.623
Pervyy sneg - Gelena Velikanova,0.461,0.168
Nervous Tics (feat. Holly Walker) - Maribou State;Holly Walker,0.811,0.615
Serim & Hepsi Geçti (Live @ Bostancı Gösteri Merkezi) - Melike Şahin,0.465,0.465
MAMI - Chris Lorenzo;COBRAH,0.758,0.944
Bravery - Billx;Ti K Ry,0.286,0.943
Abuso de Poder - Barilari,0.349,0.877
Délivrance - Tiken Jah Fakoly,0.719,0.583
The Class Of Madame Gazelle - Peppa Pig,0.873,0.592
Nostalgia - Oscar Hollis,0.504,0.419
Nee Paata Madhuram - The Touch of Love - Anirudh Ravichander;Roop Kumar Rathod;Shreya Ghoshal,0.649,0.57
Fortunate Son - Creedence Clearwater Revival,0.64,0.663
Bésame (I Need You) - R3HAB;TINI;Reik,0.839,0.701
Tears Over Beers - Modern Baseball,0.286,0.63
It's Christmas Time - Andreas Gabalier,0.711,0.821
Low Density - Obfusc,0.183,0.0361
Estar Contigo - Walmir Alencar,0.593,0.217
Bheegi Si Bhaagi Si (From Raajneeti) - Pritam;Mohit Chauhan;Antara Mitra,0.564,0.867
Brand New Love - Deadsy,0.515,0.773
Berretin - Roberto Goyeneche,0.358,0.51
The Buffalo - Christopher Zondaflex Tyler,0.803,0.457
Who Are You - The Who,0.651,0.648
Prolog - aus Rapunzel - Neu Verföhnt/Deuscher Film-Soundtrack - Christine Leyser;Paula Seifert,0.182,0.148
Arutharuthu - Project Malabaricus;Sithara Krishnakumar,0.673,0.763
あのね。 - あれくん;『ユイカ』,0.713,0.651
Broken Heart - Escape the Fate,0.528,0.861
Aaj Se Teri - Arijit Singh,0.708,0.567
Karma - Kilms,0.514,0.902
Eu Te Amo - Edson Lima e Gatinha Manhosa,0.445,0.884
Esmer - Can Bonomo,0.65,0.813
Connected (ASOT 1090) - GXD;James Christian;Scar,0.479,0.878
Street Fighting Man - Rod Stewart,0.537,0.77
Minuet in D K.94 (Orch. Erik Smith) - Wolfgang Amadeus Mozart;Wiener Mozart Ensemble;Willi Boskovsky,0.439,0.0592
Amazing Grace (feat. Corlea) - Live - Amira Willighagen;Corlea,0.113,0.478
Qui saura (feat. Mike Brant) - Amaury Vassili;Mike Brant,0.448,0.746
All I Want For Christmas Is You - Kidz Bop Kids,0.464,0.906
My Mom at a Latin Restaurant - Rachel Feinstein,0.565,0.823
Goodbye Milky Way - Enigma,0.429,0.523
Las Increíbles Andanzas del Capitán Buscapina en Cybersiberia - Patricio Rey y sus Redonditos de Ricota,0.51,0.886
Avareza (Santa Maria) - Acústico - Xamã;Bagua Records;Gustah;Irineu Barsé,0.58,0.496
dumb dumb - mazie,0.783,0.472
Rnd1 - Zackey Force Funk,0.71,0.568
De Amor Nadie Se Muere - Los Estramboticos,0.453,0.981
Life in a Northern Town - The Dream Academy,0.563,0.476
Dua - Salim–Sulaiman;Sukhwinder Singh;Kailash Kher;Marianne D'cruz Aiman,0.73,0.817
Turning Red - The Boys With The Perpetual Nervousness,0.564,0.807
Pete The Cat Theme - Pete the Cat;Elvis Costello,0.597,0.66
Cosmic Error - Original Mix - Matteo Vitanza,0.694,0.832
На последнюю пятерку - Михаил Вавич,0.489,0.266
Nothing - Keenan Te,0.662,0.443
Aarti Kunj Bihari Ki - Anuradha Paudwal,0.528,0.748
WTF Denk Jij?! (feat. Ali B) - STUK;Ali B,0.859,0.848
Indian Giver - Every Time I Die,0.21,0.861
A 'Yo Kato - DMX;Magic;Val,0.702,0.83
Rain and Thunder - Thunder Storm,0.165,1.0
Power - Netsky;Urbandawn,0.548,0.92
Take Me Up - Lego's Dub - Ralphi Rosario;lego,0.892,0.682
NARUTO Main Theme - MUSASHI PROJECT,0.525,0.766
Closure - Live - Soheil Soheili;Sina Shoaie,0.139,0.376
You Know You're Right - Nirvana,0.289,0.716
I Don't Wanna Stop - Bad Boy Bill,0.768,0.692
rare - XXXTENTACION,0.553,0.423
Zwitter - Rammstein,0.467,0.968
太宰治を読んだか? - NMB48,0.592,0.868
Romperte - Jehza;Galindo Again;Dvice;Joniel,0.715,0.584
É isso aí - Isso é problema dela - Casuarina,0.616,0.733
baxter climb - tstewart;Machinedrum,0.338,0.636
Raat Raazi - Prateek Kuhad,0.481,0.254
Secret Story of the Swan - IZ*ONE,0.703,0.941
Si tus piernas - Dani Fernández,0.41,0.478
Prayer Of The Refugee - Rise Against,0.198,0.977
Envolver - Anitta,0.813,0.733
I Found - Amber Run,0.567,0.303
Keepsake - Balance And Composure,0.394,0.981
I masnadieri: Prélude (Arr. for String Quartet by Eric Mouret) - Giuseppe Verdi;Quatuor Zaïde,0.192,0.05
Alone - Furkan Sert;Elnur Mikayilov,0.74,0.535
Nawazuddin - Seedhe Maut,0.746,0.558
Aaradhike - Ambili - Malayalam Song - Noel Toms,0.598,0.116
Manantial De Llanto - Joan Sebastian,0.667,0.724
Sobaco Ilustrado - Remasterizado - Malon,0.468,0.946
Don't Worry Bout Me - Zara Larsson,0.752,0.706
It's Delicious - 3 Steps Ahead,0.503,0.902
Om du vill vara med mig - Melissa Horn,0.499,0.476
Nude - Radiohead,0.516,0.342
Tu És Meu Socorro - Marcos Freire,0.51,0.552
Mambo Los Quantic - Quantic;Quantic and His Combo Barbaro,0.641,0.981
Hay Unos Ojos - Remastered - Cuco Sánchez,0.485,0.102
Mundo Paralelo - Ao Vivo - Matheus & Kauan;Jorge & Mateus,0.575,0.845
Festa - Ivete Sangalo,0.768,0.78
Missing You A Lot - Vybz Kartel,0.658,0.688
Welcome to the Black Parade - My Chemical Romance,0.217,0.905
Leave You Alone - Sea of Lettuce,0.802,0.599
John - Fäaschtbänkler,0.756,0.521
Я ненавижу в людях ложь - Vadim Kozin,0.5,0.116
Solo - Dan Berk,0.489,0.314
Waste Tomorrow - Rodriguez Jr.;Liset Alea;RJLA,0.718,0.402
Don't Worry - Original - Anthony Rother,0.917,0.336
Players - InDharma,0.542,0.941
You're Never Too Old To Be Young - The Dwarf Chorus,0.831,0.178
I'm a Firefighter - Cigarettes After Sex,0.361,0.3
Failing Flailing - Streetlight Manifesto,0.648,0.896
Make Me Move - James Roche Remix - Culture Code;James Roche;Karra,0.502,0.858
Alone Once Again - Lack Of Interest,0.389,0.781
Greater Than All My Regrets - Tenth Avenue North,0.363,0.525
Adhyam Kaanum - From Aviyal - K. S. Harisankar;Shankar Sharma,0.55,0.235
The Blazing Monoliths of Defiance - Dimmu Borgir,0.169,0.949
Septic Expulsion of a Collapsed Cavity - Miasmatic Necrosis,0.35,0.946
Brand New Day - Living Room,0.794,0.733
Untainted Love - Frank Turner,0.573,0.789
Under Ruins - Nervosa,0.54,0.91
Nevergreen - Emancipator,0.511,0.42
Let It Die - Ellie Goulding,0.577,0.869
Love Me Like I Am - for KING & COUNTRY,0.492,0.429
Once Upon a Dream - MAYUMI SUZUKI;Toshihiro Tachibana,0.323,0.258
Frisbee - Modd,0.651,0.769
5% TINT - Travis Scott,0.712,0.481
Marching Season - Yanni,0.485,0.486
Feeling Good - Mollono.Bass;Ava Asante,0.797,0.471
ひこうき雲(シアターガールズver.) - AKB48,0.468,0.91
Baki vs Oliva Rap. Pentágono Negro - MegaR,0.582,0.958
Wonderful World / Over The Rainbow - Michael Ball;Alfie Boe,0.178,0.19
Hi'ilawe - Cindy Combs,0.364,0.307
Perfeito Amor - Gabriel Brito,0.445,0.499
Without You - My Darkest Days,0.399,0.739
Kopfweh - Frenzy;DJ Balineiro,0.665,0.908
Babam Oğlum - Şebnem Ferah,0.655,0.581
Yo No Soy Celoso - Bad Bunny,0.872,0.588
i'm not perfect - Aidan;Shiloh,0.791,0.27
Electro Lofi - ´Goule,0.662,0.365
Bad`a بدع - Tegh;Adel Poursamadi,0.154,0.17
Semi Detached - Orbital,0.388,0.405
Cadê Dalila - Ao Vivo Em São Paulo / 2018 - Ivete Sangalo,0.619,0.873
Losing - Just Kiddin Remix - Becky Hill;Just Kiddin,0.738,0.617
Socha Na Tha - Karthik Rao;Shilpa Surroch,0.629,0.437
King Of The Dead - XXXTENTACION,0.344,0.309
Alberto Balsalm - Aphex Twin,0.792,0.599
Mer de velours - Maxence Cyrin,0.347,0.232
Gonna Love Ya - Avicii,0.718,0.666
Maggie - Phil Coulter,0.388,0.0522
Last Summer - Ikson,0.664,0.939
Cosas - Alberto Vazquez,0.544,0.467
Aao Chalein - Taba Chake,0.705,0.637
消えてしまいそうです - ZUTOMAYO,0.68,0.923
Till Break of Day - SubtractiveLAD,0.138,0.252
Pequenina - Criolo;MC Hariel;Liniker;Maria Vilani;Jaques Morelenbaum,0.606,0.6
Neck And Neck - DNMO Remix - Zeds Dead;Dragonette;DNMO,0.601,0.591
Yuseiboushi - Eve,0.415,0.651
Lymphe - Live - Funny Van Dannen,0.543,0.535
Take Me Back - Beave,0.643,0.807
Air Conditioner Sound - White Noise for Babies,0.174,0.226
this is what sadness feels like - JVKE,0.483,0.321
Fun House - Delta Heavy,0.552,0.985
革命の馬 - Nogizaka46,0.492,0.859
Sujétate la lengua - Remastered - La Sonora Matancera,0.715,0.665
Electronic Battle Weapon 5 - The Chemical Brothers,0.574,0.944
People Hold On (feat. Lisa Stansfield) - 12 Version - Coldcut;Lisa Stansfield,0.621,0.731
High Fly - Blank & Jones,0.755,0.462
Still Doin' Time - George Jones,0.635,0.311
Ride The Lightning - Remastered - Metallica,0.257,0.975
La Mala - Balbi El Chamako,0.628,0.787
Little Bo Peep - Original Mix - Cameron's Bedtime Classics,0.617,0.222
For An Angel - PVD Angel In Heaven Radio Edit - Paul van Dyk,0.668,0.982
The Beast - Darkthrone,0.19,0.992
Heroes - Zayde Wølf,0.516,0.714
Meu Violão E O Nosso Cachorro - Ao Vivo - Simone & Simaria,0.651,0.766
猫の名前 - Keyakizaka46,0.574,0.817
Lilás - JAH-VAN - Ivete Sangalo;Zé Ricardo;BiD;Fernando Nunes,0.734,0.696
Hillbilly - Serum,0.687,0.986
Incarnation of Truth - Angband,0.314,0.751
Tutti Frutti - Soleá Morente;La Estrella de David;Las Negris;José Bonaparte;Checopolaco,0.687,0.856
Happiness - Peter Cat Recording Co.,0.426,0.689
Mastoor (Solo Flute) - Mehdi Khayami;Kelariz Keshavarz,0.411,0.0396
Jahaan Tu Chala - Jasleen Royal,0.459,0.187
Cruel Indiferencia - Oscar D'León,0.691,0.48
Tout est cassé - Dehmo;Tayc,0.469,0.473
Querida Socia - Natalia Jiménez,0.602,0.842
The Rain - DMX,0.719,0.846
第一默契 - 独唱版 - Lara Liang,0.717,0.49
Alive - Original Mix - Stacey Pullen,0.747,0.873
Money Rain - Phonk Remix - VTORNIK;Phonk,0.936,0.791
Pharīthī - Sami Muni,0.165,0.0041
Recien - Ricardo Tanturi;Enrique Campos,0.507,0.278
Les petits riens K.app.10 (ballet): 6. Gavotte gracieuse - Wolfgang Amadeus Mozart;Academy of St. Martin in the Fields;Sir Neville Marriner,0.296,0.0242
Dangerous Animals - Arctic Monkeys,0.34,0.922
Heb Je Even Voor Mij - DJ Maurice;Jelle B.,0.283,0.975
Devi Drone - Phunard,0.208,0.0187
Ghost - Dezza;Lauren L'aimant,0.648,0.805
Pick Me Up Then Let Me Fall - Lil Rae,0.757,0.512
What'd I Say Pt. 1 & 2 - Ray Charles,0.54,0.681
アイカツハッピーエンド - =LOVE,0.5,0.92
Vill inte va med - Asta Kask,0.263,0.903
Apples And Bananas (Phonics Song) - CoComelon,0.869,0.315
Ready To Go - Album Edit - Wildstylez;Zany;DV8 Rocks!,0.621,0.893
Technology - Carl Craig,0.724,0.551
Open Wounds - Within The Ruins,0.451,0.996
Affection - Said The Sky;Origami;Jack Newsome,0.316,0.653
Find A Way - OFFAIAH,0.898,0.814
紅蓮華 -TV ver.- - LiSA,0.559,0.973
Aquela História - Strike,0.42,0.977
Jingle Bells - Kidsongs,0.805,0.721
Mary Es Mi Amor - Roberto Jordan,0.41,0.563
Mickey's Boo to You Parade - Walt's Piano,0.705,0.126
Allein Möchtest Du Sein - Belle,0.283,0.211
Sanctuary - Nu:Logic,0.512,0.888
Svenska Liljor - Stefan Andersson,0.513,0.158
Long Long Silk Bridge - Susumu Yokota,0.452,0.633
I Love You (Bonus Beats) - Extended Mix - The Prophet,0.733,0.995
There She Goes - Carl Smith,0.52,0.339
Do Din - Lofi Flip - Kritiman Mishra;Darshan Raval;Denny,0.723,0.269
The Halloween Dinosaur - CoComelon,0.862,0.464
Children Of The Night - Blutengel,0.545,0.801
Hung - Sound Quelle,0.743,0.837
Humanoid - The Prototypes,0.449,0.938
Old Engine Oil - The Budos Band,0.366,0.91
為了對你更想念 - Leon Lai,0.69,0.4
I Want An Alien For Christmas - Fountains Of Wayne,0.479,0.802
Everybody Needs Somebody to Love - Solomon Burke,0.659,0.505
Ashes on The Fire - KOHTA YAMAMOTO,0.216,0.684
city skyline - sonolon,0.684,0.445
Zion in a Vision - Garnett Silk,0.756,0.552
My Favourite Clothes - RINI,0.746,0.339
Go Go Go - Pal Joey,0.881,0.327
Waltz in C Minor (Only for Piano) - Yiruma,0.377,0.0725
As Always - Farley Jackmaster Funk;Ricky Dillard,0.616,0.793
Croissant Man - Blake Rules;Netherfriends,0.934,0.445
This Is Not The End - Gareth Emery;Roddy Woomble,0.488,0.895
The Answer - Aaron Tveit;Joe Iconis;Joe Iconis & Family,0.713,0.532
A Thousand Miles - Boyce Avenue;Alex Goot,0.564,0.731
Runaway - Dream on Dreamer,0.399,0.914
De toi - Youv Dee,0.458,0.677
Kim Ayırdı Sevenleri - Modern Folk Üçlüsü;Tanju Okan;Nilüfer,0.464,0.4
Primeira Lembrança - Fake Number,0.507,0.892
O Re Piya - Flute Version (Instrumental) - Salim–Sulaiman,0.361,0.445
喜歡你 - LaLa Hsu,0.552,0.362
勇敢的人 - No Party For Cao Dong,0.719,0.557
Libre - Con Alma,0.427,0.0272
Paper Unicorn - Ochre,0.436,0.383
Son Yolcu - Ajda Pekkan,0.535,0.738
Sarcasm - Get Scared,0.387,0.929
Screwed - Janelle Monáe;Zoë Kravitz,0.729,0.681
I Hate Myself for Loving You - Joan Jett & the Blackhearts,0.611,0.882
Estrela da Manhã - Ao Vivo - Arianne,0.592,0.296
Blue Hour - TOMORROW X TOGETHER,0.71,0.82
Tum Ho - Mohit Chauhan;Suzanne D'Mello,0.356,0.47
Black Night - 1995 Remaster - Deep Purple,0.507,0.886
Edita V - Balkans,0.362,0.912
Baby Shark (arr. piano) - Lullaby - Pinkfong;Music Lab Collective,0.481,0.0224
Heads High - Mr. Vegas,0.818,0.755
13 Riders - Carrie Nation and the Speakeasy,0.449,0.904
All Into Nothing - R3HAB;Mokita,0.571,0.763
Tighten Up - The Bamboos,0.569,0.949
Focus - Mixed - Robert Hood,0.68,0.446
Fill My Cup - Angeloh,0.615,0.704
Dedicated To You - John Coltrane;Johnny Hartman,0.435,0.0533
Not The Same Anymore - The Strokes,0.353,0.613
Inthalo Ennenni Vinthalo Male - Naresh Iyer,0.645,0.674
Vaari Vaari - Shubham Kabra,0.645,0.36
$165 Million + Interest (Intro) The Round Up - David Holmes,0.286,0.729
Fall Asleep Rain - Rain Sounds;Rain for Deep Sleep;BodyHI,0.209,0.432
Straight Outta Kerala - Kalla Sha;Vkdkv;Vaidhyan,0.929,0.49
Intro : The Invitation - ENHYPEN,0.283,0.806
Land of the Elves - Achillea,0.427,0.108
Deus Te Proteja De Mim - Wando,0.477,0.559
In Motion - Theo Parrish,0.711,0.834
In Da Car - NSG;MHD,0.894,0.746
Check the Rhime - A Tribe Called Quest,0.881,0.361
Sixteen Chicks - Joe Clay,0.625,0.777
And Then There Was You - Norah Jones,0.471,0.0845
UUUU - WhoMadeWho;Rampa,0.679,0.915
Forever Reign - Hillsong Worship,0.172,0.599
花になる - Tamio Okuda,0.512,0.884
Old Soul - The Daily Bred,0.782,0.236
Hatred Hell Within - Cursed Kingdom,0.373,0.973
Pachtaoge (From Jaani Ve) - Arijit Singh;B Praak,0.515,0.691
94 - Soheil Soheili;Roj,0.313,0.309
Bitterness - Fracus & Darwin Remix - Wasted Penguinz;Fracus & Darwin,0.598,0.888
I Know What I Want - Kyle Kinane,0.565,0.58
Thaïs / Acte Deux: Meditation - Jules Massenet;Michel Schwalbé;Berliner Philharmoniker;Herbert von Karajan,0.161,0.0825
Eventually - Rival Consoles,0.627,0.652
Give Me A Reason - Jillian Rossi,0.33,0.658
Страсть к курению - Buerak,0.769,0.701
Dhakka - Sidhu Moose Wala;Afsana Khan,0.731,0.727
Judge - Mankirt Aulakh,0.66,0.721
Derecho Viejo - Osvaldo Pugliese,0.559,0.262
Halloween - Stephen Lynch,0.336,0.397
Red Cadillac And A Black Moustache - Warren Smith,0.653,0.437
Ich lass dann mal die Lichter für dich an - Fäaschtbänkler,0.591,0.479
愛我的時候 - Eric Chou;單依純,0.453,0.384
Wild Hair (across My Ass) - Teenage Bottlerocket,0.556,0.828
Ninna Poojege Bande Mahadeshwara - Raghu Dixit;Haricharan,0.736,0.721
Close to Me - Alex Keeper,0.597,0.516
Unheard Melodies - Edit - µ-Ziq;Mrs Jynx,0.741,0.529
兜轉 - 《HIStory4-近距離愛上你》LINE TV片頭曲 - Andrew Tan,0.523,0.609
Quando O Mel É Bom - Ao Vivo - Simone & Simaria,0.547,0.8
Taki Taki (feat. Selena Gomez Ozuna & Cardi B) - DJ Snake;Selena Gomez;Ozuna;Cardi B,0.842,0.801
Loved You Once - Clara Mae,0.444,0.436
Little Girl - Mono - John Mayall & The Bluesbreakers,0.408,0.719
¿No Te Pasa? - ZPU,0.483,0.8
Falling - Crankdat,0.532,0.917
Gentle Rain Sounds - Rain Sounds,0.154,1.0
It’s Alright (feat. Paris Brightledge) - DJ Spen & Reelsoul Remix - Sterling Void;DJ Spen;Reelsoul,0.777,0.687
Invention of Softball - Keith Alberstadt,0.509,0.632
Untrue - Tchami,0.68,0.869
Tarde D+ - Rico Dalasam,0.666,0.651
Meri Jaan Meri Jaan (From Bachchhan Paandey) - B Praak,0.607,0.692
Companionship - Hans Zimmer;Adam Lukas;James Everingham;AURORA,0.0776,0.056
Tides - Nathan Kawanishi;Kowrites,0.58,0.2
Restless - Abel Korzeniowski,0.157,0.334
Echte Fründe - Remake '97 - Höhner,0.64,0.902
In A Minute - Lil Baby,0.643,0.605
Love - DJ Icey,0.824,0.896
INVU - TAEYEON,0.599,0.816
Somebody That I Used To Know - Mayday Parade;Vic Fuentes,0.457,0.939
Stay Alive - José González,0.714,0.306
Blood on the Cross - Hellripper,0.304,0.766
Exercises in Futility V - Mgła,0.194,0.971
Damnations Jaw - Kvaen;Mike Wead,0.205,0.89
Só Falta Você - Guilherme & Santiago,0.56,0.787
To Dihti - Stavros Xarhakos;Takis Binis,0.522,0.533
Nocturne - Keeno,0.395,0.869
Tudo por Você - Lado de Cá;Lays Barros,0.679,0.329
Saza-E-Maut - KR$NA;Raftaar,0.84,0.837
Don't Judge Me - Hypocrisy,0.404,0.971
Love In The Dark - Adele,0.331,0.341
Neeyam Thanalinu - Noel Toms,0.37,0.122
Canarinho Prisioneiro / Merceditas - Ao Vivo - Lauana Prado,0.654,0.722
Srishtavam Daivame - Zealous,0.571,0.763
Luid de kerst in - Noortje Herlaar;Willemijn Verkaik;Carlo Boszhard,0.581,0.474
Unakaageh Kathirunthen - Havoc Mathan;Havoc Naven,0.61,0.722
Hakuna Matata - Spanish-Castilian version - Marc Pociello;Oscar Mas;Sergio Zamora;Miguel Ángel Jenner,0.422,0.478
Let There Be Love - 7 Mix / Remastered 2013 - Simple Minds,0.528,0.84
Uma Luz Que Não Pode Se Apagar - Rodolfo Abrantes,0.552,0.441
Lluvia Con Nieve - Cali Flow Latino,0.583,0.781
All Night (BTS World Original Soundtrack) [Pt. 3] - BTS;Juice WRLD,0.725,0.706
Podría Ser Peor - La Casa Azul,0.662,0.909
Varning på stan - Magnus Uggla,0.591,0.575
Omar Rip It Up - Omar Santana,0.536,0.651
The Heart Asks Pleasure First - Michael Nyman;Ahn Trio,0.216,0.172
Leaked - Lil Tjay,0.51,0.619
Highway Star - Remastered 2012 - Deep Purple,0.307,0.909
Born To Praise - Planetshakers,0.681,0.843
Kraut 2016 - De-Phazz,0.535,0.526
I’ll Be As I Am - Nick Novity,0.484,0.941
Jefe - Ninho,0.648,0.599
Thick Accent (Jfl 2004) - Carl Barron,0.48,0.742
悲傷的採購 - Live - my little airport,0.359,0.551
Afterglow - Ann Sweeten,0.38,0.107
Adeus Solidão - Ao Vivo - Pixote,0.633,0.799
Sickened No More - Weekend Nachos,0.442,0.988
Feel It 2 - twocolors;Georgie Keller,0.66,0.693
Still The One - DJ Noiz;Mikey Mayz,0.686,0.462
Rock That Body - Original Mix - Scott Brown,0.724,0.987
Christmas Oratorio BWV 248 / Part One - For The First Day Of Christmas: No. 8 Aria: Großer Herr o starker König - Johann Sebastian Bach;Olaf Bär;Crispian Steele-Perkins;English Baroque Soloists;John Eliot Gardiner,0.579,0.276
16 Minuets K.176: No. 10 in B flat - Wolfgang Amadeus Mozart;Wiener Mozart Ensemble;Willi Boskovsky,0.601,0.0928
STOOPID - 6ix9ine;Bobby Shmurda,0.733,0.63
Reflections Of My Life - Marmalade,0.393,0.203
Royal Garden Blues - Johnny Maddox,0.534,0.423
Hurry on Now - Boub Remix - Alice Russell;Boub,0.8,0.561
Benzin - RAF Camora;Ufo361,0.692,0.534
Gold Dust - Dutty Moonshine Big Band Remix - DJ Fresh;Dutty Moonshine Big Band,0.692,0.916
Megator - T78,0.717,0.986
The Exercise Game # 1 - Mark D. Pencil,0.626,0.644
Just a Dream - Nora Van Elken,0.726,0.829
Pra ser feliz - Gustavo Lins,0.334,0.471
Bom Rapaz (feat. Jorge & Mateus) - Ao Vivo - Fernando & Sorocaba;Jorge & Mateus,0.579,0.864
O Tannenbaum (Remastered 2014) - Traditional;Aeolian Kammerchor,0.235,0.199
Life To My Days - Doyle Lawson & Quicksilver,0.513,0.583
Ataca y Atrapa - El Coyote Y Su Banda Tierra Santa,0.843,0.628
Smooth Lookin' - Smartface,0.703,0.56
Make a Show - Malandra Jr. Remix - Marc DePulse;Rafael Cerato;Hadar;Malandra Jr.,0.804,0.642
TVI - Surf Curse,0.286,0.945
Calling All the Monsters - China Anne McClain,0.561,0.826
The Lily - Piano Version - Gabríel Ólafs,0.435,0.00889
只收一半 - my little airport,0.604,0.31
Chapel - FelMax,0.601,0.956
O Preço - Ao Vivo - Charlie Brown Jr.,0.417,0.959
la di die (feat. jxdn) - Nessa Barrett;jxdn,0.484,0.643
villain - mj apanay,0.792,0.389
Meio Psicopata - Matanza,0.399,0.995
Romance Desapegado - Chicão dos Teclados,0.814,0.475
Kuyil - Sujatha,0.732,0.613
Where Are You Now - Lost Frequencies;Calum Scott,0.671,0.636
1000 Names - Acoustic - Phil Wickham,0.403,0.196
Me Pasé De La Cuenta - Nelson Ned,0.447,0.459
Non Living Thing (feat. Oxlade) - Sarkodie;Oxlade,0.795,0.715
Ishwar Allah - Sujatha;Anuradha Sriram,0.468,0.384
Marhaba Marhaba - Nusrat Fateh Ali Khan;A1Melodymaster,0.828,0.772
Dream Eyes - Mokhov,0.532,0.636
Rezo por Vos - Charly García,0.613,0.784
左右盲 - ヨルシカ,0.675,0.391
Desconfío - Smitten,0.526,0.805
Is This Love - 2018 Remaster - Whitesnake,0.263,0.759
Late - Nils Frahm,0.348,0.00533
Gone (Da Da Da) - Imanbek;Jay Sean,0.636,0.858
No Lo Pienses Mas - Ñejo,0.838,0.83
Green Mountain Trail - Sean Harkness,0.677,0.283
Her - Her,0.698,0.458
life got crazy - mike.,0.71,0.543
Gil Trabajador - En Vivo - Hermetica,0.328,0.982
Calling for Peace - Electric Universe;Faders,0.495,0.953
Breed - Nirvana,0.262,0.969
Mal Pagadora - Los Tukas,0.56,0.569
My Name Is Jonas - Weezer,0.261,0.947
Teen Dost - Seedhe Maut;Sez on the Beat,0.921,0.552
Joguei a Toalha - RDN;Suel;Ferrugem,0.63,0.519
Fade Away (feat. Rhi'N'B) - Bolier;Arman Cekin;Rhi'N'B,0.722,0.579
Nightflight to Venus - Boney M.,0.631,0.946
Chroma - Pixel Terror;EMELINE,0.574,0.737
The Old Man - Phil Coulter,0.388,0.177
Pictures - Alex Schulz,0.759,0.669
Mosh Pit - Edit - Deekline;Specimen A;Ivory;Killa P,0.683,0.847
Feeling Like - Kodak Black;Jeezy,0.428,0.832
I Can't Let You Throw Yourself Away - Randy Newman,0.642,0.742
This Is the Way - Muffin Man,0.864,0.623
Collide - Kid Rock;Sheryl Crow;Bob Seger,0.433,0.732
Our Space - Edit - ARTBAT;Dino Lenny,0.701,0.589
Rubai 21 To 25 - Kiawasch Sahebnassagh;Amirhosein Allah Yari,0.312,0.154
Pagando por tu actitud - OConnor,0.492,0.929
Archetype - Omar Apollo,0.676,0.338
Dreams - NERO;ZHU,0.521,0.55
Maha-Kali - Dissection,0.571,0.853
Me Myself And Hyde - Live in Worcester MA / November 2019 - Ice Nine Kills,0.226,0.984
Night Night Baby Shark - Desmond Dennis,0.695,0.501
Il Canto - Il Volo;Plácido Domingo,0.254,0.459
Thanks Bitch - Girl Pusher,0.552,0.719
Diente Blanco No Te Vayas - John Quijada - 31 Minutos,0.727,0.753
Abule - Patoranking,0.687,0.79
No One Knows - Queens of the Stone Age,0.509,0.584
Decode - Paramore,0.28,0.87
Going on a Road Trip - CoComelon,0.942,0.391
